评论人,时间,标题,内容
FanN,2016-03-26,《唐人街探案》中有哪些好玩的细节和晦涩的疑点？,完全剧透！！！没有看过电影的请千万不要点开看，否则你真的会错过一部好电影。先说一些蛮有趣的小细节吧，疑点和结局的捋顺放在后边。 细节： 1一开场秦风的书架上都是侦探推理小说，我看到书名的有这么几本，从左到右依次是，《死亡通知单》、《白夜行》、《犯罪心理学》，如果猜的没错，结局完全就是《白夜行》的写照。另外，秦风的卧室还贴有《神探夏洛克》的海报。2招财猫的概念出现了三次，第一次是，唐仁打麻将时说“左有青龙饮水，又有白虎甩尾”，白虎就是小招财猫了。第二次出现在，唐仁卧室办公桌上，也有一只很大的招财猫。第三次就是彩蛋中大场面的满是招财猫动作的招财舞了。3为了突出开始唐仁略微好色的特点，除了安排偷看阿香洗澡外，还在他的床头特意摆了两本封面是有很多比基尼女生的杂志。 4唐仁在整部电影中都背了一款带有八卦图案的小包，那个八卦图案应该是唐人街侦探社的logo，因为有看到唐仁在打开家门时，门上也贴着两幅同样八卦图案的画幅，上面还写着“唐人街侦探社”六个大字。 5警察局局长第一次说，抓不住唐仁，就去NANA摸屁股吧，第二次说，是去COWBOY摸屁股，不明白摸屁股的话看英文字幕会更好理解写，You can sell yourselves at NANA 。NANA和COWBOY都是曼谷著名的红灯区。（有简单去过泰国红灯区看一下，是真混乱啊）6那个说“我们也不想听假话”的警校考官是大鹏来客串的。旁边的女考官是《唐人街探案》的制片人，内地30亿身价第一美女制片人陈祉希。7李宇春演唱的片尾曲《唐人街》的词曲创作者是电影里爆炸头越南仔的扮演者赵英俊。8秦风想看暹罗连体人的原因是喜欢看埃勒里奎恩的推理小说《暹罗连体人之迷》。（暹罗，是中国对泰国的古称），另外，电影中还提到过，歌野晶午的《求道者密室》，杰克福翠尔的《遗失的镭》，青崎有吾的《体育馆杀人》，想必都是陈导的创作灵感来源吧。9电影中有一些很怀旧的经典老歌，比如光是《往事只能回味》就出现了好几次，唐仁开场在卡拉OK唱的歌、被托尼绑架时唱的歌、以及在医院超精彩的枪战戏的BGM等都是这一首歌，另外闫先生唱的也是经典老歌《舞女》、在被小沈阳围堵在巷子中，唐仁打“南派莫家拳”时，背景音乐是非常带感的《男儿当自强》，好像某个片段还听到了《鸭子侦探》的BGM。 疑点1颂帕的同性恋身份颂帕可能是双性恋，也可能是从异性恋变成了同性恋。电影中有交代，颂帕九年前妻子和他离了婚，但是资料上没写原因，所以颂帕也有可能是因为在9年前发生过什么事，而改变了性向。2颂帕和丹的关系 丹可能是颂帕的亲儿子，也可能和思诺一样是领养的，颂帕是同性恋，所以他的同性恋对象也就有可能是丹，但是丹和思诺一样都是拒绝的。在颂帕房间那里，导演也给了颂帕搂着儿子的合照特写，如果只是普通的父子关系，没有必要在那个“房间整洁没异味”的场景多给一张合照好几秒的特写。3颂帕认为丹死了吗影片中唯一能确定的是丹失踪了。秦风单方面的想法是，颂帕认为丹可能死了，而杀死丹的可能是思诺，所以颂帕跟踪思诺是为了报仇。但以旁观者的角度看，我认为，颂帕更有可能是认为丹没有死，他去跟踪思诺，是为了找到丹，而不是报仇。 4丹的结局 丹死了吗，我猜一定没死。 看完电影大家最先可能产生的猜测是丹死了，是被思诺杀死了，大家会联想，会不会其实不是颂帕强奸了思诺，而是丹强奸了思诺，才会让思诺产生杀机。但是仔细想想，这个推论根本就不成立。如果是思诺被丹强奸了，以思诺的个性是不会自己去杀人的，她只要在日记里写是丹强奸了她，然后借刀杀人让养父除掉丹就好了，根本不会涉及到颂帕什么事了。再者，如果不是因为强奸，而是其他原因，比如因爱生恨的情杀或其他，但以思诺那么小的年纪，她并没有什么能力去处理掉一具尸体，而又不被发现，所以，思诺杀掉丹，根本就是不可能的事。因此，更容易去推论另一个结局。 思诺住院的时候，听到秦风说颂帕是GAY，没有一点惊讶的反应，想必是早就知道了，那么是谁告诉她的，自然是颂帕的儿子丹了。所以很有可能，是思诺和丹合谋完成的一次杀人案件。照片里我们只能看出丹和思诺关系很密切，猜不出是恋人还是好友。但从上面的推论中我们可以比较容易推出，丹和思诺同病相怜，都有一个变态的父亲。所以丹极有可能是故意失踪，然后把颂帕引到思诺那里，然后思诺让养父去杀掉颂帕，最后由思诺暴露线索给警方，就可以同时除掉两个变态父亲了。5思诺的最终目的思诺的最终目的绝对不是杀颂帕，而是杀掉她的养父。不管有没有秦风、唐仁的出现，她都会让养父死。杀掉颂帕算是和丹的合作，但其实还是借刀杀人只为除掉养父。而盗金案的发生和秦风的出现，虽然是思诺计划外的，但却帮了思诺，让养父更快被除掉了，思诺在最后住院的时候，是真的很开心啊，心里的OS应该也是，太好了，这变态终于死了。 6养父知不知道思诺的计划在杀死颂帕后，养父一定知道，思诺没有被强奸，知道思诺的日记是编造的，而他误杀了人。为什么？因为养父拿走了那张颂帕相机里的SD卡，他看过后就会知道颂帕顶多是拍了些跟踪思诺的照片，根本没有和侵犯思诺有关的照片。电影中，思诺的日记大概写的是，她被侵犯后，颂帕还拍了她的照片。（电影院这里闪太快了，刷了好几次还是看不全，但是秦风在医院看女孩日记的时候，日记上的字确实有写，大家留心看下具体内容吧）所以养父后来一定知道了思诺的心思，思诺是想要借刀杀人除掉自己。养父在临死之前先说，你不该这样做，潜台词是，你不该做这些蠢事，只为了杀我。他接着说，我爱你，思诺回他，我知道，养父又说，不，你不知道我爱你。潜台词是，不，你不知道我早就知道你在利用我，其实是想让我死，但是我依然爱你。7完美的犯罪 秦风说过一句话“我想制造一场完美的犯罪。” 秦风虽然没有做到，但是女孩却完成了完美的犯罪。而秦风为什么说这句话，想必和父亲入狱有直接关系。 电影中交代他的母亲很早去世，父亲入狱，秦风不太清楚他父亲犯了什么罪，也无法判断父亲是好人还是坏人。他说他想完成一场完美的犯罪，会不会因为他曾经为了自己的父亲制造过一场不完美的犯罪，但是没有成功，导致让他爸爸入狱了。具体情况真的脑补不到了，等陈导下部揭晓吧。8折纸 折纸可以联想到很多方面。我说两方面――一方面，折纸代表着思诺，她本来是一张纯洁的白纸，谁都不可能天生就有恶心肠，但正因为她是一个写满了善良的弱者，她没有办法去对抗这世间的凶险，为了能在这个浑浊的世界站得住，不受欺负，她才开始有了恶毒的一面，当她开始有了善恶两面，她便站了起来，即使无奈，但这也正是生存的法则。 另一方面，回到当时剧情，是在思诺冲秦风露出一个超恐怖的笑容后，秦风才略显怒气的给她折了一张纸。其实片尾秦风说的一句话，其实已经揭晓了折纸的意义，他说，有恶的，才需要善。 思诺认为自己已经完成了完美的犯罪，即使是秦风，也拿不出证据将她绳之以法。但是，秦风要告诉她的是，你错了，恶人早晚会被制裁的，现在的思诺好比一张平面的纸，但是是一张写满罪恶的纸，而这个世界就好比一张立体的折纸，折纸有两面，对立的两面除了恶还有善，世界的一端站着恶人，而另一端同样站着好人，世界永远不会倾斜于恶人这边。所以，在看到思诺露出的恐怖恶笑后，秦风折纸的意思是，思诺，不要嚣张，恶人早晚会被制裁，因为这世界还有好人去制衡他们。我想，很有可能在第二部思诺这场完美的犯罪会被找出破绽，给世间的善一个公道，而秦风终将找到一个正义的理由去肩负警察的重任。 PS:看完电影只想说，陈思诚要比我想象中有诚意，有才华，有创意的多。中国商业电影果然还是很有希望的。 喜欢请点赞，蟹蟹。 对电影细节感兴趣的知友可以阅读以下相关答案。《蝙蝠侠大战超人：正义黎明》中有哪些有趣的细节和彩蛋？ - 知乎用户的回答电影《缘分》有哪些有趣的细节？ - 知乎用户的回答电影《王家欣》中有哪些耐人寻味的细节？ - 知乎用户的回答电影《哪一天我们会飞》有哪些有趣的细节？ - 知乎用户的回答电影《教父》中有哪些易被忽略却令人深思的小细节？ - 知乎用户的回答《美人鱼》里有哪些不经意但有趣的细节？ - 知乎用户的回答电影《荒野猎人》有哪些耐人寻味的细节？ - 知乎用户的回答如何评价《无间道》三部曲？对香港电影有何影响？ - 知乎用户的回答《老炮儿》里有哪些小细节特别值得玩味？ - 知乎用户的回答《我的少女时代》有哪些不经意的彩蛋？比如教导主任是全智贤这种？ - 知乎用户的回答电影《蓝色大门》有哪些彩蛋或念念不忘的细节？ - 知乎用户的回答对电影（电视剧）盘点感兴趣的知友可以阅读以下相关答案。有什么好看到浑身颤抖无法自拔，久久不忘的同性电影？ - 知乎用户的回答90后有哪些值得回忆的电视剧？ - 知乎用户的回答有哪些非常小众但是很好看的爱情电影？ - 知乎用户的回答对更多电影细节感兴趣的，可以关注我的个人公众号：电影细节控（微信号：dianyingxijiekong）
柳大人的小雅代,2016-08-14,《唐人街探案》里有哪些细思极恐的细节？,难道不是一夜叫醒三十万的王炸吗？陈导：树洞君啊 树洞君树洞：嘛似儿？陈导：我是一个导演 我有一个朋友是演员 为人憨厚老实经常在外拍戏回不了家 我发现他老婆给他戴绿帽子了 很想告诫他 可又不知道怎么开口树洞：你拍个电影找他演 剧情就是他发现老婆偷情了 这不就结了嘛 你隐晦的传达了 剩下的就看他的悟性了陈导：哎 得嘞～
Evenc伊文西,2016-01-07,为什么观众们会被《唐人街探案》末尾处张子枫的笑容吓懵？,谢邀。其实，我想说，作为一个阅恐怖片无数，视贞子富江伽椰子为美女的老法师，陈老师这点伎俩还真不新鲜。无非就是利用观众心无防备，冷不丁“嘿”地来一下。打个底光，我也不扯什么“恐怖谷理论”了，小盆友都晓得扮鬼要把手电筒放到脸下面嘛！张子枫的表情适度夸张点，配上应景的音效，又是影院这样的黑暗氛围，再加上观众群体效应。自然，礼成。真正让我害怕的是，一会儿怎么跟坐在斜后排的老婆解释。坐在我旁边这个抓着我胳膊尖叫的女生，我真的，不认识，她。这个故事的教育意义是，电影票要提前定，不要临时去现场买。
老妖怪,2018-02-16,《唐人街探案2》Q是谁？是宋义吗？,个人觉得是宋义的妹妹宋倩！在另外一个问题下答了，黏过来↓最后kiko说Q的IP不在加拿大也不在美国…那么如果IP在南美(剧中说妹妹被陆国富卖过去)就说的通了！宋义说自己受Q指引做事其实是真话。他也多次否定自己是天才，因为天才是妹妹宋倩。以及Q这字母本身。妹妹名字是宋倩，Q可能是qian的首字母。剧中多次提到皮蛋，也就是和扑克有关系，Q在其中是queen，也应该是女生。第三 宋义已经是黑移民为何还要不停换工作来努力留在美国，极有可能是想帮助妹妹复仇。最后 唐人街探案作为系列。第一部的小女孩是一个在背后看似受害十分无辜实则是主谋的人物。妹妹的标签与小女孩一模一样，作为续集也很可能延续这一特点，但提升在于第二部这位女性从头到尾根本没有出现。所以，也就是妹妹被陆国富迫害运到南美，但由于是天才，最终逃脱并开始通过哥哥复仇，这也是宋义签证过期依然留美的缘故。更新：有评论疑问为什么Q是第一却会被陆国富骗去南美。个人解释是，因为陆国富是地头蛇他的干爹七叔让NYPD都忌惮，并且之前对他做的睁一只眼闭一只眼，那么在绝对的暴力下宋倩仅凭借智商无法反抗，到了南美才能因为离开了势力范围才脱身。即使是在最后复仇，也是选择了七叔重病，陆国富即将失势之时，再加上“顺风车杀人”才成功如果不是这个时候，那么杀掉陆国富带来的后续麻烦可能也是Q仅凭智力无法应付的。
Evenc伊文西,2016-02-09,如何评价喜剧电影《唐人街探案》？,先给分，10分，我给7.5分。无剧透，对于这部电影，这很重要。首先，要说一声对不起，陈思诚导演。我不该拿旧眼光看人，只因为你拍过一部乱七八糟的《北京爱情故事》，以及脸上那两坨高原红，就怀疑你的品味和能力。我内心七上八下地买了电影票，拼命压低自己的预期。生怕王宝强的魔音狂笑与刘昊然的僵硬表情碰撞出一部俗套无聊的电影，让我的心在重度雾霾天中，更加愁云惨淡。是的，这真是一部俗套电影，通片都是摘桃手捏爆蛋蛋的惨叫。王宝强烫着松软的卷发，留着性感的胡渣，戴着大佛牌，踩着人字拖，亮着大金牙，用夹杂着河北省邢台市南和县大会塔村口音的南洋国语，极尽猥琐，生怕你觉得他还不够俗。你看他癫狂至此，难免会有点担心，毕竟计较起来，傻根兄弟虽然演技不差，但佳作与烂片也是五五开。你再看看他身边的小鲜肉，总是一付木木的表情，好看是好看，一开口，what，居然还是个结巴？不放心，总之是不放心，龙标升起来的时候，心里都还在忐忑。万万没想到，意外惊喜。喜剧的外壳包裹下，却是一部做得相当扎实的本格推理探案电影。是的，里面有密室杀人，有精巧设计与细致推理，甚至还有多重反转。有无能蠢笨的警察，搞笑的毛利小五郎式的笨侦探，自然也有夏洛克式的机智少年，以及一个智商超高出乎意料的反派。从个人偏好角度说，以喜剧而言，2015年，很难有国产喜剧可以超过《夏洛特烦恼》。《唐人街探案》进入节奏较慢，开篇温吞，从搞笑角度只能算还不错，风格走的是比较传统的肢体幽默，依靠动作设计与误打误撞的巧合引发笑点，台词上反而没有出彩。这样的电影，你可以笑，也可以选择不笑，全看观众个人的星座血型八字。非要比较的话，电影的搞笑程度大概可以参考《港住贰＿恚讲道理，应该比《港住芬好一点。我想说的是探案部分。是的，是推理探案，密室杀人。《港住芬灿猩比耸录，但那只是无关痛痒的背景，电影的主线是中年之痒和约炮。所以开始看《唐人街》时，由于先入为主的印象，只当电影是部欢喜热闹的喜剧片，想想其中的案情，无非只是推动剧情引发笑点的载体罢了。甚至在电影交待密室杀人背景时，作为一个本格爱好者，我也没有提起更多兴趣。没想到随着剧情深入推进，电影对真凶的追查反而成为电影的核心。密室元素一再被放大，各种抽丝剥茧的线索与细节一一出现，峰回路转，喜剧元素反而成为辅助。尤其到电影后半段，刘昊然如同福尔摩斯金田一柯南灵魂附体，线索推理环环相扣。当然，你要严格地说，整个案子的做法与桥段并非原创，导演甚至在电影里就坦承了诡计的来源和师承，喊出了杰克福翠尔的名字。然而放眼如今的国内电影市场，我们太缺乏一部拥有细致推理的探案电影了，之前徐克的狄仁杰系列也好，罗志良的“消失”系列也好，暴走神探也好，都是有案件，无推理。找凶手全靠巧合，迷局弄得大，就搞些虫虫怪怪地敷衍塞责。写过推理小说的都知道，布置一个完美犯罪已然不易，如何布置线索，一步步反推案情找寻真凶，更加不易。《唐人街探案》里的案子，至少做到了动机合理，逻辑严密，没有明显漏洞与牵强，而推理过程也自然平顺，并无过多巧合附会。虽然刘昊然主角光环过强，能力超群，但也没有超出年轻福尔摩斯的程度，一个高智商少年，可以接受。特别要提的是电影的反转，直面人性的阴暗，让人想起东野圭吾的《白夜行》，凶手诡异一笑，真是让人惊出冷汗。细节也很出彩，一再出现的神像，大皇宫，陈赫的鼻子，车辆护身符，电影中都有多处呼应，非常用心。另外要各位赞一赞电影选址泰国的好创意，这样一部电影，少不了需要腐败无能的警察，黑社会，以及声色犬马光怪陆离，由于众所周知的原因，这个故事如果放在有我神勇公安干警守卫的祖国大陆，横竖便躲不过一个死或者改到爹妈不认。而如果放在泰国，哪怕是一帮警察都操国语，哪怕再蠢再笨再丢脸，那都是他国内政，怎么乱搞都行，绝对不会干涉。多亏于此，电影才走出了一条鲜活的路子。唐人街当然还有很多毛病， 时间太长，节奏拖沓，表演浮夸，但程度都在可接受范围内，其中潜入警局看监控，静态画面中寻找眼前人，医院里盖里奇式的突然驳火，都是亮点十足的场面。整部电影中，推理探案与搞笑融合良好，化学反应强烈，一众配角也算增光添彩，陈思诚较之“北爱”简直脱胎换骨，果然还是因为太太主演所以格外用心么？最后，再一次表扬陈思诚，除了交出水平优秀的电影，作为一个经常演帅哥又不像的演员，居然在手执导筒后强忍着没有在正片露脸。这份全身心投入导演的专注，值得表扬。PS:怎么哪儿哪儿哪儿都有赵英俊的爆炸头？
木木leslie,2015-12-31,《唐人街探案》里思诺为什么要杀死小男孩？,思诺没有杀那个男孩，以下理由: 1.从电影里男孩爸爸看的照片上表示，思诺和男孩的关系十分的亲密。这于男孩强奸女孩与女孩杀死男孩形成矛盾。 2.男孩是失踪，电影里面始终没有一处暗示或者是明式指出男孩已经死亡。 3.男孩的爸爸:其一是个同性恋，其二男孩的父亲对他的孩子有一种执念，其三男孩的父亲跟踪思琦只是为了找到失踪的男孩（如果男孩爸爸是为了复仇机会太多了）4.如果女孩杀了男孩，女孩怎么杀的男孩存在疑虑。女孩本身没有能力和条件完成一次能完美逃过警方的犯罪，其次女孩没有利用继父去杀害男孩，这点从女孩和继父之间的互动和电影情节可以看出来。 男生为什么会有那么大的勇气决心离开家，选择在外躲避漂泊？男孩爸爸的行为还有思琦的特殊家庭一对比就可以得出一个合理的猜想: 男孩和女孩一样有个变态的父亲“爱”着自己，他们也因为这个原因成为了无话不谈的朋友。但随着年龄越大，生理越成熟，他们越感到不安。所以他们制定了一个完美的犯罪计划帮助对方摆脱掉他们的父亲，后面的故事你也知道了。
Withershins,2016-04-18,如何评价唐人街探案最后思诺那个眼神？,库布里克凝视(The Kubrick Stare)，一种库布里克常用的人物脸部拍摄方式，头部稍微向下倾斜，眼睛直视镜头，用于营造惊悚与不安的气氛。下列镜头分别出自：第三人 The Third Man (1949) 惊魂记 Psycho (1960) 2001太空漫游 2001: A Space Odyssey (1968)发条橙 A Clockwork Orange (1971) 异形 Alien (1979) 中的人&amp;猫闪灵 The Shining (1980) 全金属外壳 Full Metal Jacket (1987) 沉默的羔羊 The Silence of the Lambs (1991) 大开眼戒 Eyes Wide Shut (1999) 一级恐惧 Primal Fear (1996) 死亡幻觉 Donnie Darko (2001)黑暗骑士 The Dark Knight (2008)孤儿怨 Orphan (2009) 消失的爱人 Gone Girl (2014) 绣春刀 Brotherhood of Blades (2014)禁闭岛 Shutter Island (2010)着魔 Possession (1981)搏击俱乐部 Fight Club (1999) 爆裂刑警 Bullets Over Summer(1999) 黑天鹅 Black Swan (2010)杀人回忆 153735 4126 (2003)老男孩 25931533 (2003) 变脸 Face/Off (1997)纸牌屋 第二季 House of Cards Season 2 (2014) 第 13 集唐人街探案 Detective Chinatown (2015) 最后，是库布里克本人的自拍……以及无意间发现的「库布里克凝视」的灵感来源……以及……最后考考大家这张截图来自哪一部影视作品？（其实是我自己也忘了= =）
李小阳,2016-01-03,唐人街探案真正的凶手是谁？,我们需要解决这么几个问题：女孩思诺想杀颂帕（男孩丹的父亲）的动机是什么？思诺和丹之间是什么关系？李（女孩思诺的养父）的杀人动机是什么？女孩是否想把养父也杀死？养父为什么自杀？丹到底有没有死？颂帕为什么要跟踪思诺？颂帕盗取黄金的动机？女孩是否知道颂帕是同性恋？看完影片之后，我们可以锁定的信息是：养父李深深爱着养女思诺并且是畸形的爱，思诺的智商极高，思诺并没有想到会有非常聪明的秦风（刘昊然饰，在国内没有考上警校而去泰国找王宝强饰演的表舅度假）的介入。女孩其实并不想把养父杀死，因为在女孩的计划中，帮助养父完美的从案发现场逃离出来，如果没有秦风（刘昊然饰）等人的介入，养父即可完美脱身。网上有人说，因为养父对女孩是一种变态的虐恋，女孩之后会找机会与丹联手再杀死养父。这个其实没有必要，第一，养父对女孩虽然是一种畸形的爱，但是养父并没有伤害女孩，如果养父对女孩实施了性虐待之类的事情，以女孩的高智商应该很早就把养父除掉了，而影片中养父对女孩的畸形的爱恰恰是畸形在这里，就是养父深深的爱着女孩并且愿意为女孩做一切事情。养父的爱逾越了父女之间的爱，但是又并没有做出任何伤害女孩的事情。加上女孩的心理世界也十分复杂，以女孩的高智商，养父对自己并不存在威胁和伤害，没有必要杀死养父。所以，女孩接受养父这样的畸形的爱，并且利用养父这种畸形的爱，操纵养父帮自己杀人。但是，如果女孩不想杀死养父，为什么又利用日记本这样的内容去把杀人线索引导到养父身上。因为，在女孩最初的计划中并没有秦风等人的介入。养父杀人之后完美脱身这件事就结束了，但没想到秦风的介入以及他们确实有一定的侦破能力，已经查到了养父的身上。所以必须暴露养父的杀人动机，就是养父深深爱着自己，因为自己被颂帕强奸，养父要为女报仇。养父为什么自杀？在影片结尾处，秦风等人指证养父杀人全过程之后，养父对女孩说了两次“我爱你”，这时候养父还不知道自己是被女孩所操纵，或者说养父在之前的某些细节里已经发现自己被女孩操纵依然心甘情愿为女孩杀人。而在最后事情败露，矛头都指向自己无法辩驳铁证如山的情况下，为了继续保护女孩，干脆跳楼自杀一了百了。这样的话，关于养父的部分就比较清晰了，养父的所有行动都是在围绕着女孩，建立在畸形的爱之上。女孩为什么要杀颂帕？杀颂帕的动机是什么？这个部分的猜测就非常多了。网上有人说，因为颂帕是同性恋，并且虐爱着自己的儿子丹，丹不堪重负决定和同学思诺一起把爸爸杀死。思诺为什么要帮丹？两种可能，第一种是思诺和丹是同病相怜，都因为饱受父亲的虐恋而产生情感上的共鸣，所以思诺愿意帮助丹去杀死丹的父亲。但这一条好像不太容易站得住脚，因为思诺其实并不讨厌自己的养父，并且没有受到养父的威胁，以思诺这样的心智，思诺可能还享受和利用着这样的虐恋，所以思诺与丹并不存在完美的情感共鸣，思诺如此阴暗的心智再加上高智商，是没有必要因为一个不那么切合的情感共鸣而帮助同学杀人。除非是因为觉得有趣好玩。第二种可能是，思诺和丹不仅仅是同学，并且是恋人。因为影片里有思诺和丹的合影，说明俩人关系不错。只有思诺因为爱着丹，思诺才会为了帮助丹摆脱父亲的虐恋而要杀死丹的父亲颂帕。第二种可能更容易站得住脚。新的问题是，思诺并没有想杀养父，思诺只是想和丹一起把丹的爸爸杀掉，那有什么必要让丹消失呢？杀死颂帕必须要让丹消失才行吗？这样揣测，思诺和丹一起谋划，让丹消失，把线索引导在思诺身上，让颂帕不断跟踪思诺，这样就可以非常充分的让思诺的养父以为思诺受到了威胁，颂帕强奸了思诺。但这里存在的问题是：既然思诺如此高智商，为养父想的杀人方式也可以完美逃脱，也并没有想害养父，那杀人的人就没有必要非得是养父，思诺完全可以和丹一起谋划，两人合力之下一起把丹的父亲颂帕杀死。丹如果不消失，每天都有机会接触到自己的父亲，思诺可以想到很多办法帮丹杀死自己的父亲然后再消失。另一个疑问，即便是想利用养父帮忙杀人，有必要让丹消失吗？以女孩对养父的判断和操纵，丹不消失也可以编造颂帕强奸自己，丹没必要失踪。如果养父潜伏一周在丹的房间里，丹还不失踪确实比较难办的话，丹还有很多其他理由离开一阵子。仔细思考，其实只有一种可能就是，丹真的消失了。颂帕是什么人？颂帕有胆量和智谋去偷黄金，并且把黄金藏在石像中，说明颂帕也是非常高智商并且警惕的人。如果丹不消失，颂帕怎么可能找不到丹？颂帕之所以不停的跟踪思诺，颂帕的判断应该没问题，就是丹的失踪肯定跟思诺有关系，并且丹真的消失了很久很久。为什么丹失踪了很久，因为丹的房间里布满了灰尘，并且颂帕以为丹死了十分难过平时根本不会进入丹的房间，思诺的养父才在丹的房间里潜伏了一周都没有被发现。刚才说过，如果思诺和丹是情侣，思诺爱着丹并且愿意为丹杀人，如此之爱怎会再没有见过丹？即便见过丹又如何逃出颂帕的监视？所以，不管丹有没有死，丹真的是消失了很久。秦风（刘昊然饰）和唐仁（王宝强饰）在进入颂帕的工作室时，埋了一个线索，唐仁调侃说“房间整洁没异味，不是伪娘就是gay”，很多人觉得这是给最后查出颂帕是gay做的伏笔。但是问题来了，秦风和唐仁是去颂帕的工作室查案，颂帕的工作室明显是要雕刻佛像的，颂帕的形象是长发颓废风，如果“房间整洁没异味，不是伪娘就是gay”的推理是成立的，那颂帕为什么不是一个干净利落的斯文男，而是一个蓬头垢面的人。或者说颂帕因为儿子的死而变得颓废不堪倒是个合理解释。可我的判断是，如果“房间整洁没异味，不是伪娘就是gay”的推理成立，这句话应该是在丹的房间里说出口的，整个影片只出现了颂帕的工作区和丹的房间，并没有交代颂帕的房间，颂帕的工作区要雕刻佛像怎么可能干净整洁，必然是丹的房间！那么这样推理下来，颂帕是同性恋！颂帕的儿子丹也被暗示是同性恋？颂帕虐恋着自己的儿子丹（不要问我同性恋为什么会有孩子，中国很多同性恋也都会结婚并且有孩子，在泰国的话更是什么都会发生，也可能是领养的代孕的），并对丹实施性虐待？所以丹恨透了颂帕要杀死自己的同性恋父亲？秦风（刘昊然饰）的判断是否可靠？秦风最后通过颂帕的几次在同性恋场所的消费，就可以锁定颂帕是同性恋？亲～那可是在泰国！颂帕去同性恋场所消费只能怀疑颂帕是gay，但不能锁定！但颂帕假如不是gay为什么又频繁出入同性恋场所呢？那也许有一种可能是为了自己的儿子！因为儿子是gay，作为一个父亲自己想了解儿子到底在做什么？这么想的话，颂帕和丹两人之间必然有一人是gay，才能让频繁出入同性恋场所成为可能。这样对于颂帕来说，可能颂帕只是一个偷盗者，在他身上并没有什么虐恋之类的事情发生。切记，秦风（刘昊然饰）的判断不一定可靠，他可能很聪明，也猜对了很多事情。但他并不是神探，他在最后又抛出了很多线索，但是并没有十足的证据证明。截至目前我们还没有讨论过的问题剩下两个：颂帕盗取黄金的动机？女孩是否知道颂帕是同性恋？建立在以上的逻辑推理中，我大胆的猜测了几种真相。前方高能！！！开脑洞的时候到了！！！！！真相1.0颂帕是同性恋，虐恋着自己的儿子丹，儿子丹不堪重负，与自己的恋人思诺一起谋划。丹先消失，思诺引导养父李杀死颂帕并完美脱身。但因秦风等人的介入而失算，对思诺有畸形恋的养父李为了保护思诺而自杀。逻辑补充：无视了丹是同性恋的可能，设定了丹必须消失才能杀掉颂帕，没有讨论颂帕盗取黄金的动机，留下一个无法解决的矛盾，既然思诺和丹是情侣并了解丹的遭遇，思诺必然通过丹知道颂帕是同性恋，那思诺还编造了颂帕强奸自己的日记，然后引导秦风等人发现？在这个真相里思诺肯定知道颂帕是同性恋，可能赌了一把，以为秦风不会发现这个漏洞。真相2.0颂帕是同性恋，不一定虐恋着自己的儿子丹。丹与思诺是情侣，但因为养父对思诺的畸形的爱，养父将丹杀害。颂帕追查跟踪到了思诺准备复仇，眼看事情将要败露，思诺为了帮助养父，通过日记引导养父将丹的爸爸也杀死，从此再无后顾之忧，将事件平息。逻辑补充：无视了丹是同性恋的可能，丹的消失给出了明确的结果，线索支撑是，秦风去思诺家查案的时候偶遇养父回家，思诺称秦风是自己的同学，秦风瞬间回忆起在废品厂曾见过养父李，秦风十分紧张。通过后面在医院的表现，分析出养父还不知道秦风在废品厂见过自己，自己也对秦风没有印象，但在这样的情况下养父李却坚持要把秦风送下电梯。那一段里养父李神情异常，在畸形的爱的控制下，恨不得也杀死秦风，让秦风不再跟女儿接触。但可能时机和地点不够成熟，放掉了秦风。这个也解释了，思诺为什么突然主动邀约秦风去家里坐坐，并且养父还特别巧的出现了，秦风被思诺发现查案身份后，思诺肯定是想利用养父将秦风杀害，后来养父也再次戴着面具出现在了颂帕的工作室，但失手没有将秦风杀死。由此推理，变态的养父，极有可能在之前将思诺的情侣丹杀死，当然只是可能。这样的话，思诺和丹可能就是简单的同学情侣关系，丹的爸爸是同性恋但是并没有虐待丹，而且是个称职的好爸爸，丹也是一个好孩子，只是死于思诺养父李的手里。解释了思诺对丹是个同性恋并不知情。逻辑上的漏洞相对较少。真相3.0颂帕是直男，一个好爸爸。而丹是同性恋，经常出入同性恋场所，父亲为了了解孩子的成长也去跟踪孩子或者也去同性恋场所了解孩子的生活，但父亲可能并不能接受自己的孩子丹是同性恋。丹和父亲在这件事上的矛盾不断激化，父亲无法认可丹是同性恋的身份让丹很苦恼，丹对父亲恨之入骨。丹联合了同学思诺，谋划要杀死自己的爸爸。丹先消失，颂帕跟踪思诺，思诺利用养父杀死颂帕。逻辑补充：颂帕和丹的同性恋可能都有了合理的解释，丹和思诺只能是好姐妹，思诺为好姐妹杀死父亲在情感共鸣上较弱。但思诺可能心理扭曲，认为这样的事情很有趣，所以愿意帮助丹。忽略了丹为什么必须消失的问题，没有讨论颂帕为什么要盗取黄金。思诺知道颂帕是直男。脑洞稍大。真相4.0颂帕是直男，丹是跨性别（生理是男孩内心是女孩）。丹一直想成为一个女孩，父亲无法理解，矛盾激化。丹摆脱父亲彻底消失，去做变性手术。变形之后遇到养父，颂帕对思诺的身份产生怀疑，颂帕无法认同自己的儿子变成女孩，心理也逐渐扭曲，颂帕盗取黄金是想筹钱将丹的性别再变回男孩。丹在变性后改名为思诺，思诺发现无法摆脱已经逐渐变态的父亲，决定利用养父畸形的爱将自己亲生的父亲杀害。逻辑补充：丹哪里来的钱去做变性，成了新产生的疑问。首次猜测了颂帕盗取黄金的动机。丹消失了。影片中丹和思诺出现了合影，可能是思诺为了打造一个新的身份而做的伪造。思诺（丹）知道父亲是直男。脑洞开的有点大，但并非不可能。真相5.0颂帕是同性恋，丹是跨性别（生理是男孩内心是女孩），颂帕对丹虐恋。丹为了摆脱父亲的魔爪，做了变性手术成为思诺。变性之后遇到养父，颂帕对思诺的身份产生怀疑，开始跟踪思诺。颂帕盗取黄金是想筹钱将丹的性别再变回男孩继续虐。思诺发现无法摆脱变态的父亲，决定利用养父畸形的爱将自己亲生的父亲杀害。逻辑补充：丹哪里来的钱去做变性，成了新产生的疑问。猜测了颂帕盗取黄金的动机。丹消失了。影片中丹和思诺出现了合影，可能是思诺为了打造一个新的身份而做的伪造。思诺（丹）知道父亲是同性恋，在日记中依然编造了颂帕强奸自己的故事。脑洞开的有极大，但并非不可能。总之，不管哪一种真相的猜测，背后都存在了一个悲剧。但愿这样的事情，只停留在故事里。欢迎大家发评论探讨。
空城噩梦,2016-02-18,《唐人街探案》这么明显的BUG为什么没人讨论？,注意啊，电影最后已经明确提到了，“我没有办法去证明一个死人的性取向“，所以，一直到秦风说这段话的时候，他也没有任何证据，只是纯粹的推理而已，甚至于，如果没有小女孩最后的邪魅一笑，就连观众都无法去判断哪个才是事实，这不是bug，推理不需要证据，审判才需要，所以秦风到最后没有去揭发小女孩，一是因为他本身就崇拜完美的犯罪，二是因为他也确实没有任何证据了。
阿德莱德山的眺望,2016-01-12,唐人街探案里秦风和思诺的父亲乘电梯这一幕大家怎么看？,个人感觉：从前面和后面拉一点儿剧情，猜测如下→1.家里有个帅气的大男生和女儿在一起，出于一种畸形的爱，应该是愤怒，震惊，嫉妒的吧2.在一看，这个男生有点眼熟啊！我擦！几天前见过啊乖乖，还来车场调查过面包车！难道是查出来什么了？3.他来找思诺干什么？喜欢她？还是和案件有关？看这小子鼻尖的汗，我擦！难道我暴露了思密达！4.想溜？不行！得找个机会杀了他灭口！那句我送你 是我送你上路的意思吧！一电梯都在琢磨怎么杀了他！但是明显电梯里不好下手！算了，等晚上的！接下来他可能跟踪可能回家了！不过跟踪的可能性不小！5.他早早来到颂帕的工坊，等着杀他或们，听到了整个关于案件的推理，感觉大多数的小说里犯罪的人都有一种变态的心理，让别人知道他是怎么杀人啊之类的，然后在杀死那个人。这里思诺的爸爸估计也是有点儿这样的想法，嗯嗯 不错不错！这两个傻缺猜的八九不离十！唉呀妈呀！爱死自己了！真他么是个天才！然后等你们知道真相了就该去死了！卧槽！你他么专攻下三路什么鬼！行！你们牛逼！老子放火烧死你们！哇咔咔卡卡～结果呵呵。。。还是没死。纯属瞎想，看个热闹就行～
人类以悲惨为食,2016-01-02,为什么《唐人街探案》里秦风的设定是结巴呢？,为了掩饰演技的缺陷。如果不结巴，看完电影你会记得王宝强叽叽喳喳，会记得金刚装傻充楞，会记得坤泰的口音，会记得陈赫的鼻子，唯独会忘记秦风有什么特征，大概只有脸（当然也就够了）。陈思成很聪明的嘛。
Liz 刘,2016-01-23,《唐人街探案》结尾小女孩面前的折纸是什么意思？,能被大家喜欢好开心啊(∩_∩)，这样作为我的知乎处女答也算是圆满了(29612729ω61292729)--------------------------------------------------------------------------------------------------------------------------------------善恶两面同时存在。只有一面（善或者恶）纸立不起来（这种人不存在）←最后一句是我瞎说的
吻神,2017-05-06,唐人街探案中斯诺为什么要杀死养夫？,网上有种推理：养父变态，长期侵犯思诺，故除之。我十分不赞同此推理，观点有1，家居整齐，全是玩具童趣，而且宗教信仰，小孩不怕生，都能说明这不是一个恋童癖家庭观点2.养父杀人时，发现了相机，知道思诺并不是被强奸（后面说了两句我爱你，证明他已经知道女儿的把戏），如果养父真是恋童癖，发现女孩骗他去杀人，他一定回家杀了思诺;观点3，养父若真是变态，那他怎么会为一个养女去杀人犯罪呢。自己的推理：我们试着溶入思诺这个角色，13-4岁的小女孩，聪明，爱侦探推理，有一个帅B男友（死党）丹，对养父并没有多少真情，因为养父早出晚归，很少陪同（死后也没伤心），对她来说，养父只是一个借刀杀人的工具。但以上并不能成为思诺利用养父去犯罪原因，大家想想，那可是杀人啊，养父被捉了她又要进孤儿院了，小女孩会不会让一个养了自己十几年的父亲去冒犯罪这个险呢？？我唯一想到一点就是，思诺是个自负的少女，因为相信自己的杀人计划是完美的犯罪，无法被侦破，所以让养父去杀人也没事，思诺的自负电影交待了两个证据：潜台词：你们两个是猴子派来的吧，想破本座的完美犯罪？啾~第二个就是立纸：注意台词：这也太简单了。。。如果她是不知道答案，会说：原来这么简单呀，，，这句嘲讽对小帅哥造成3000+伤害。以上并不让人完全信服，是电影BUG，还是我想多了？
空城噩梦,2016-02-18,如果《唐人街探案》思诺经鉴定是处女，法律该怎么办？,思诺没有犯罪，从始至终，她就只是写日记而已，其余纯属猜测，然后思诺肯定不是处女了，她爸爸也是变态，跟丹的爸爸一样，这故事背景跟白夜行差不多，两个小孩儿联手杀各自的变态父母。
wii我还有救,2018-02-17,唐人街探案2,作为大年初一的贺岁电影，它的节奏气氛非常活泼，连环杀人案和5百万的世界侦探大赛悬赏放在一起，导致多方人马出面引出笑料百出的纽约市故事。整体上看，世界侦探大赛雷声大雨点小，从引入案件后的他们的作用就变成了情节上的推进点和包袱。这也非常可以理解，一部电影放在那么多视角线程的玩的好就是《两杆大烟枪》，而不好的话会让每个角色都不充足，显得无头无尾。以下剧透其中真正情节发挥意义一直具备主动性的就是Crimaster里追逐赏金的排行榜第七的美女黑客kiko，唐人街首富的孙女陈英和他名下另一个孙子陆国富（当他开始介绍自己为国富陆的时候，瞬间翻译为国富路地名，笑喷）。两方人作为警方（她既有警察的集体正义性，又有自己作为案件相关人的独立存在）和私家牟钱的“蛇头”陆国富对这个案件各有所图展开跟进。而秦风被舅唐仁用大婚骗进美国参与这次戏码，又在多方联手下发现了错误的“凶手”被逼与凶手一起破案证明清白的过程。整部电影的节奏非常有意思，相对来说，探案的过程其实薄弱很多。每个阶段的关键线索都是很巧或很神的得到，对于整起包含五行炼丹的宗教仪式里的案件本身其实并无特别的吸引力。但是作为电影的节奏很快，人物转场繁多，笑点铺垫全面，包袱完成的极其有趣。里面换景得到的效果充足。比如第一次拦住陆国富人马的唐仁和司机飙chinese English对话非常接地气也极具戏剧性，在“Bastard Don\'t run”翻译成“爸爸打我”这类笑点撑住了解密薄弱的紧张感。如果一一分析，可以看出导演对于每次转场用心和镜头运用的熟练。从秦风56秒解密一个案件开始，为了舅舅的大婚进入美国追要奎因的手稿，高格局的酒店大厅开启案件和侦探大赛序章。唐仁贪便宜爱面子点头yes让所有人进入唐人街的庙宇现场。现场在No.2和No.3对案件的分析下，穿插唐仁对陈英的调戏，最后令唐仁尴尬闹现场发现的镇符线索转入下个阶段。大家集策群力，调取警察内部数据查出两起案件在场人和同时满足犯罪嫌疑人测写的全部条件的宋义。在此案件好似告破，而时间差不多20分钟左右（没记录时间）。坐在电影院相信案件肯定不会这么轻易的捉到凶手，那么他不会是凶手，即便就是他也会有明显自证的证据。随着首富一声令下，捉拿真凶/“宋义”/到面前拿500万的条件，宋义成为了警方的通缉犯。（第二天）各路侦探显能手，秦风唐仁找上唐人街查出此人的路径后，使用曼哈顿计量法算出犯罪嫌疑人的位置。果不其然，宋义就在那个破旧的小楼里教中文，唐仁不顾秦风反验推理的打算，先一步上手发现学生居然是帮会成员。两人退一步商量下一步时发现另一方陆国富已经到场，并且打算把宋义做成真凶的计划。唐仁出计，两人化装救人。于是出现了多人围追衣衫被拆的稀烂的三人画面。三个裸体中国男人慌不择路跑进一家酒吧，结果因为爱好中国老歌的酒吧老大喜欢唐仁的缘故得救了。三人之后不得不躲在街头却遇见专门打劫中国人的三人组，得到了需要的钱和衣服。（第三天）三人寻去另一案发现场得到了共同的镇符线索，找到唐仁的老师莫有乾（元华饰演）。老色鬼莫有乾年纪过大常把秦风当作面目清秀的小姑娘。三人问出出处之后，找到那本书（这本书作为线索也是非常的牵强，只能从书里找到，别人见都没见过，凶手最近刚好借阅此书，这些条件都满足不可）发现最后一页被人撕去。夜晚kiko告知比赛已被破坏众人无处出发，而唯一带着宋义四处躲难的秦风唐仁成了特殊的自由侦探。她从互联网方向给予秦风帮助，得到了借阅记录。而借阅记录显示倒数第二的居然是宋义，这让秦风怀疑起了宋义。宋义为住所发愁的唐仁提议去公园休息，目睹了实施犯罪的凶手。秦风唐仁去追，最后秦风害怕却步。凶手逃走。（第四天）天明，他们为了抓到凶手的行案逻辑，重回现场，见证了陈英身边的法医身份后驱车跟进，假扮女装的方式得到了案发的信息。（在秦风躲避的同时发现其实医生也符合犯罪测写，一边记下）几人逃出后走散，秦风得到丢失的书页照片，还没看清，秦风和唐仁被陆国富抓住。两人拒绝回答，大闹一场，被关进地牢，在比较死者共同点的时候。唐仁的五行知识派上了用场，唐仁推断出凶手按照五行杀人，布置炼丹。并且得出凶手下一次的时间和地点。可是两人被关，无法逃出也无法传递信息。正当两人绝望之际，kiko出现，原来kiko一直跟进两人状态，救出了两人后，赶往金的地点。（第五天）这时No.1的Q发布了新的线索，令所有侦探齐聚现场捉凶。可是警察和侦探的目标是宋义，在一方混乱后，发现新的死者正是陆国富。而剩下的人均认为凶手是宋义并抓他。被警察关进了牢里，陈英虽然相信他们，但是无能为力。秦风回溯案件推断出真正的凶手就是那个法医。他在按照五行的方式在纽约开坛炼丹修仙。而陈英就是他最后的目标。众侦探合力将三人送出，在经过警察、蛇头“陆国富”剩余的人等追逐后，他们成功赶进医院现场，发现了隐藏在太平间的密室。众人与医生一番搏斗，医生自知无望，无奈自杀。警察赶到，有了陈英的证词三人的冤屈洗清，可惜首富死了，500万化为泡影。（第六天）秦风在后来发现第四期案件的凶手另有其人，那就是宋义，而且宋义隐藏了凶手杀人的尸体换上自己的目标。但是秦风亲手放过了宋义，他将此人看作Q，并露出了冷冷的笑。（我的感觉是，秦风自己的目标达到了，他并不在乎凶手到底绳之以法没有，他喜欢这种谜底解开的感觉）电影里秦风发现宋义杀人真相，对他说：（深渊）你看可以，不要看太久。感觉下一部秦风要黑化啊，期待3。ps宋义的过程分析：由于关心陈国富而发现七叔孙子的离奇死案，联系刚发生的案件同时发现两件案情的共通点，找到了《五行阴阳书》得到凶手的作案逻辑，顺水推舟想到杀死陈国富的方式。
二手兰州,2016-01-06,《唐人街探案》的水平是否能打7.5分以上？,当鲁迅写出“晚安！”，多数人会觉得这是礼貌性问候，可是语文老师不这么认为：“晚安的‘晚’点明时间，令人联想到天色已暗，象征着当时社会的黑暗，而在这黑色的天空下人们却感到“安”，侧面反映出人民的麻木，而句末的感叹号体现出了鲁迅对人民麻木的“哀其不幸怒其不争”。鲁迅写出“吃饭”两字背后的深意，语文老师：”吃字暗指生存状态，表明鲁迅先生巧妙抨击封建社会人吃人的落后思想，饭则是反讽的最佳体现，因为当时的大多数中国人是根本吃不饱饭的，由此可见鲁迅先生先天下之忧而忧、后天下之乐而乐的伟大情怀。”是否过度解读，见仁见智。-----------------------------------------------------------------------------------------------------------------------------------------看了知乎里的评价，感觉大部分国内观众太宽容了。 我认为，这部电影作为喜剧片，不及格。 作为悬疑推理片，勉强及格吧。 浪费了很多时间去逗观众笑，以至于叙事太拖沓，前一个小时观影体验很差。（这个可能是我个人原因，我比较喜欢盖里奇宁浩昆汀那样的喜剧片。。。和本片没有猿粪呐，笑不出来。） 推理主要集中在最后部分，合格吧（因为猜到了结局，所以感觉有点失望。）如果把小男孩给小女孩讲故事的一分钟拿掉，换成几帧暗示性的画面，以小女孩那个诡异的微笑和配乐作为结尾，让给观众自己去猜，或许会更有细思恐极的感觉，变得精彩些。 和国外的成功影片相比，本片确实不能望其项背。 国内观影宽容，那就和国内的片子比较吧。 在国内的影片里，个人感觉和徐峥那部催眠大师差不多，那部片子片尾的解秘是败笔，本片的叙事拖沓也算是硬伤吧。 导演花了心思，在悬疑推理的元素上确实也是看得到的，可以加点鼓励分，但希望以后别再这样生硬的喜剧了。 综合来看，我认为给个6分吧（其中有一分是国产电影加分），不能再高了。
金知,2017-04-06,《唐人街探案》陈思成片头自己署名编导合一，然后将其他编剧放到片尾署名联合编剧之类的，是否合理？,我看过李亚玲解释《北京爱情故事》编剧纠纷的长文章，大概情况是：虽然编剧的署名是两个人的，但陈根本没有能力独立写剧本。他能想一个剧本框架，能够编出一些聪明的桥段，能够想出一些漂亮的对白，但他没办法把这些东西合起来弄成一个剧本。李亚玲从陈思成手上拿到的是一堆碎片，替他做成了一个剧本。剧本写好以后，两个人用这个剧本去跟制片公司谈合作。因为剧本好，所以有很多公司都感兴趣，也同意用陈思成他们几个人当主角。但是陈思成想要自编自演自导，那些公司不敢用一个从来没有导演过的人。后来陈思成自己找了一家公司，对方答应了他的要求，但是编剧费就被压得非常非常低，低到远远偏离市场行情。在李亚玲知道这件事情以后，陈思成把编剧费分给了她一半，就认为对她已经有所交代了。而在这部电视剧宣传的过程中，陈思成接受了很多采访，讲的都是自编自导自演。说自己是怎么构思的，讲自己写作有多辛苦。完全隐瞒了这部戏还有另外一个编剧，而且大部分编剧工作都是由另外一个编曲完成的这一事实。除了电视剧的字幕里有编剧李亚玲的署名以外，几乎没有人知道她是编剧。另外，有很多人提到过的，陈为了突出自己，并且突出当时他正在追的女孩，擅自给这一对人加了很多戏份，因此删了李晨的戏份，改写了张译角色的性格。兄弟的关系是一回事，而对于辛辛苦苦创作了这些角色的编剧，又是另外一回事，她觉得自己很不受尊重。而且，当初李亚玲之所以会帮陈思成编剧本，不是陈思成给了钱，双方不是雇佣关系。而是两个人聊得比较开心，李亚玲作为朋友帮忙的性质来替他做这些事情的。投入那么多的时间、精力，居然是这样一个回报，当然会特别愤怒。后来我看到唐人街的电影，又是陈思成自编自导，完全不相信。查了一下才发现，背后有一大堆的编剧，只不过都没有在前面署名，只在片尾字幕的地方写了一下。在知乎上面查到，陈思成在拍这部电影的过程中换过好几次编剧，所以每个人都没有超过30%，所以可以不署名，钱拿的也不多。――――――――――――――――――――――刚才查了一下新闻，原来为了唐人街编剧的事情，李亚玲跟陈思成又撕了一次。下面这两段话转摘自网易新闻。〖李亚玲和陈思诚因电视剧版《北京爱情故事》编剧稿酬未落实一事闹得沸沸扬扬上了法庭。而这场编剧讨薪风波直到2014年才尘埃落定，法院判决陈思诚支付拖欠的稿酬及利息，并表达歉意。陈思诚甚至曾专门召开新闻发布会进行澄清，称《北京爱情故事》著作权由他独家享有。而李亚玲也在之后的近两年时间里，三次就该剧著作版权的问题起诉陈思诚。〗〖此前和陈思诚有过过节的李亚玲还大胆透露了陈导的编剧模式：先找人聊天谈出一个创意来，再请几个网络写手或新人写出几版故事；随后再把能用的亮点提出来，交给编剧写初稿；再把初稿交给另一批编剧写二稿至三稿，最后项目成型自己再改一稿，最终在影片的片头给自己署名编剧。〗―― ―― ―― ――回答一个提问：李亚玲那时是打过退堂鼓的（因为当时她手头有别的剧本在写，人家给的是大价钱。虽然她是主动提出帮他改，但看到陈思成的那堆碎片之后，吓了一跳，觉得工作量实在太大），打算就替他弄一个比较简单的剧本（免费），然后让他再拿出去找别人写。陈思成不肯，强烈要求她把整个剧本写出来，并且做了很多许诺（我忘了都包括哪些东西，有兴趣的人可以去看李亚玲的博客原文）。之后，两个人的关系才变成正式的编剧合作者。-------------------------------------------------我认为，国内演艺圈目前最糟糕的风气，就是编剧极度弱势，不被看重，造成电影和电视剧从剧本上就非常烂，砸再多钱也出不了好作品。编剧拿的钱少，说话不响，已经够惨了，要是连作品署名都要被侵占，沦为“影子写手”，那么行业的风气就不可能变好。而陈思成正在做的事情，就是把这种风气推向更坏。--------------------------------------------------刚才又看到一点好玩的：「影视圈约定俗成“不让编剧到现场”，往往他们到现场都会被现场呈现的效果与剧本不贴切感到愤怒，他们甚至会加入后期制作团队，协助特效把故事“写圆”。何言回忆道，“当年有一部电视剧经过粗制滥造后与一位同行的剧本完全不合，这位编剧索性熄掉所有音频，对着主演口型写一部新的剧本。”」
橘子少侠,2016-01-02,《唐人街探案》的女孩写日记故意让养父看到诱导养父去杀人，那她为什么还要给养父想一个完美的犯罪呢?,我爱你。我知道。你不知道。女孩的养父其实很聪明，他知道女孩的阴谋，但是还是去杀了人，算是为女孩做了最后的事情。女孩和丹，丹和他爸，女孩的养父都清楚了。
小舞,2018-02-16,如何评价唐人街探案2？,我不知道幸福的定义是什么？大年初一看到这样一部电影浑身充满幸福感！这样一部电影，演员上集合了人气小鲜肉、草根绿帽天王、差一点就过气网红，流量是没问题，但很容易流于形式，但是，并没有；影片类型上集合了推理、悬疑、屎尿屁、贺岁，很容易就失控，但是也没有――去年院线最黑马的就是悬疑片了，国外有《看不见的客人》，国内有翻拍片《犯罪嫌疑人x的献身》。但是，悬疑不等同于推理。东野圭吾的原著在日本也有推理偶像派的争议。《唐人街探案1》上线时网传陈思成导演有一书架的推理小说，今天看到《2》我是相信这一点的。我国也不乏优秀的本土推理小说和侦探形象，但影视化最成功的除了唐仁秦风也就少年包青天了！ 当然，本片的推理容易联想到很多……全球侦探大聚会，柯南剧场版也有类似一集。秦风用公式推理肖央的位置，想到美剧《数字缉凶》。秦风的照相机功能有日剧推理和《最强大脑》的影子。人脑推理战胜实验室老派侦探推理美剧《神探阿蒙》也有所表现（看这种电影姑且先忘记《CSI》）。犯罪侧写当然想到《犯罪心理》。就连五彩斑斓的各国侦探（其实就是游戏玩家）也让人浮想联翩，我甚至看到了动画片鸭侦探的遗风。 本片的推理并不牵强，因为在浮华的背后它始终串联着导演强大的逻辑！本着不剧透和少打字的原则这里不赘述。这一切，只有真正的推理迷才会热血沸腾（倒不是诡计多么厉害，实在是同类型主流影片几乎没有）。 王宝强和黄渤其实还有周公子演技上是野路子战胜学院派的实力代表。官司也打完了，接下来一年好好拍戏养儿子吧。刘昊然说是唯一有演技的鲜肉大家没意见吧？而且秦风这个角色已经相当令人信服了。肖央我以为是搞笑担当，后来是智商担当，最后居然他喵的还是吓人担当（联想1里的张子枫）。 影片取景纽约，并不拘泥唐人街，一路上风光可谓无数，华人教父、露肉大逃杀、摩托党乱入、时代广场策马奔腾……每个场景和时空导演轻松驾驭信手拈来。这又很像宁浩。但场面更大细节没那么细腻，商业片嘛很正常。 和《1》比起来，推理方面？新加入了两个元素：全球侦探竞技游戏，有这个游戏和大佬Q的存在，陈导只要愿意这个系列就可以无限拍下去；美少女高智商黑客Kiko，除了恋爱线，她的出现补充了信息量的问题。相当于《犯罪心理》中的佩妮洛普。我无限期待下一部的东京篇。如果是东京篇的话。 道生一，一生二，二生三，三生万物。 影片中的反派创造了一个想象中玛雅风的道教密室，这里，我又想到一部有点老的恐怖片《双瞳》。唐仁熟谙五行八卦，手握寻龙尺，你想到了《道士下山》还是《寻龙诀》？道教的思维模式，包括道家思想对宇宙人世的解读，陈导，你是不是思考过这样宗教性的问题？ 影片的结尾部分有点拖拍，仿佛不想就这样结束似的，没有上一部干脆利落。彩蛋也是超长，不要提前离场！观影结束，有人表示害怕，有人表示有点看不懂，但是大家都表示很搞笑，过年看挺好的。一部好商业片，比艺术片承担更多的东西。说句题外的，音乐也一样，不要总强调站着跪着赚钱的问题。最后，温馨提示：我带了一大杯乌龙奶盖入场差点没憋死我！
魏知超,2018-02-17,《唐人街探案2》中有哪些细思极恐的细节？,最细思极恐的细节是：解剖官如果成功杀掉第五个人，他究竟能不能成仙？如果根本不能成仙，那么解剖官就只不过是个脑袋坏掉的神经病而已。推理故事如果把作案动机归结于凶手的神经错乱，那就低了――观众想要的，是一个合乎理智的杀人动机。但是，如果真能成仙呢？用道家法术来炼丹修仙这个点子，明显是从《双瞳》里搬过来的（王迅演的陆国富这个名字，不知是否也是陈思诚一时兴起，借用了《双瞳》导演陈国富的名字）。而《双瞳》里的种种线索都暗示，凶手如果得手，最后是真能成仙的，因此杀人动机完全合乎理智。所以，只有采用「解剖官真能成仙」的设定，《唐探2》里的道术杀人案才真正立得住脚，影片成色也会因此上一台阶。这一案，越是超自然，荒谬感反而会越少。那么，在《唐探2》里，陈思诚的本意是采用哪种设定呢？我觉得这就得看「唐探宇宙」的世界观设定是不是超自然的了。乍一看，腾讯NOW、神州租车、黑客、斯威夫特的Welcome to New York……，「唐探宇宙」的设定世俗得很。可是，莫友乾师傅明明使出了舞空术（没有吊威亚哦）、印度侦探明明使出了隔空取物大法才帮主角越了狱――你敢说「唐探宇宙」里没有超自然力量？根本就是个超现实宇宙观嘛！所以，结论是：解剖官如果成功杀掉第五个人，那他是真能成仙！……就算没成仙，那也是因为没有看过86版《西游记》，没把炼丹炉排成一列。你知道的，从《二代妖精》开始，建国后就允许成精了。都让成精了，成个仙有什么了不起的。果然已经是新时代了呢。
无条件,2018-02-16,唐人街探案2中的疑点,今天去看了，感觉有两个地方死活说不通，一、宋义为什么要去借那本书？这一点我们按照剧中的解释，和两次出现在案发现场一样，都是为了能使宋义他自己可以牵扯进这个案子，好有机会去杀掉陆国富，报他妹妹的仇，可是他为什么要冒着被通缉的风险卷入七叔儿子被杀的案子中？ 这么有权势的人一定会找出凶手碎尸万段以解心头之恨，这个从七叔没有找警察，找来的都是侦探，并且要侦探们将凶手在自己死之前带到自己面前来就可以看出来。并且其中那个中日混血排行第三的侦探直接贸然肯定凶手就是宋义，就可以看出这个风险是多么之大，如果这时宋义他真的被一群人带到了七叔那里，那么他不仅不能报仇，还会被处以残忍的私刑后死掉，这，真的符合他比主角秦风还要天才的设定吗？ 再谈谈借书这件事本身，没有具体的日期，但可以知道是碰上二人组之前借的，可却不知道是医生杀第一个人前还是后，假设是前，他没事去图书馆看这个干嘛？不是想着怎么完成报仇大计，来图书馆了解迷信文化？说不通，完全说不通， 如果是后，他大可花去一点时间，翻阅翻阅内容就离去，撕掉线索部分都行，为什么非要借走，徒增隐患？ 这么做下场如前面。也就是说，他的目的是自己卷进案子中，将罪行揽在自己身上，在诱导主角破案洗脱自己的罪名，途中再去杀陆国富？？太说不过去了吧！以他的智商，杀掉陆国富这个小角色完全没问题啊，为什么非要多此一举，让自己陷入危险的境地？我回家后实在想不通，就去看影评，有个哥们我觉得说的很有道理网址在这里https://m.douban.com/movie/review/9154132/看完以后我觉得很符合主角关于“不可能杀人”地方，而且这样关于宋义冒着风险去做这些事的原因才说得通。二、Q到底是谁啊。。。 不是加拿大也不是美国，假设宋义说是Q指使他去前两犯罪现场的事是假的，那后面Q召集大家一起去糖厂这事肯定假不了，说是宋义为了洗脱自己的罪名吸引大家来说得通，真说得通，可偏偏不是啊。。ps：“立刻有”这个梗好撩啊～超喜欢KIKO小姐姐～
浣熊要打盹,2016-11-28,唐人街探案惊天bug？,后面有解释箱子是从里面锁上的，凶手进去之后锁上了箱子，所以唐仁打不开箱子。
莎兰德,2018-02-17,唐人街探案2,唐人街里面关于阴阳的台词，神性还是兽性。你以为集于一身，其实只是忘了怎么做人。实事求是才是做好的。曾因为家庭乃至其他的因素，自己喜欢上了自我的束缚与折磨，其实自己才是自己最强大的后盾，自己应该爱自己，不要成为济癫式的人物，活出自己的风采，才是应该追求的。很好的片子，该有的一切都有了。不冲突，唯一有点让人出戏的是宋义长的很像上一部的探长，难道戏中人物不应该奇怪吗？虽然都是肖央。系列电影可以引起共鸣，比如上次《唐人街探案》是我第一次去影院看电影，而如今这部《唐人街探案2》则是我看的无数次电影中的一场。有种只若初见之感。看到影评说，曾和你一起看过上一部电影的人，还会和你看下一部电影吗？
开屏映画子非鱼,2018-02-16,《唐人街探案2》：侦探不够，戏谑来凑,2015年的《唐人街探案》确实是一部让人意想不到的佳片。这部电影是陈思诚转型导演的第一部作品，上映前并不被看好。作为一个处女作导演，《唐人街探案》并没有常规的著名监制把关，海报画风艳俗，很有烂片的既视感。所以有人把这部电影称为烂片的卖相，神作的品质。《唐人街探案》上映后，在口碑的推动下杀出了重围。这部电影成功收获口碑的原因有三个：第一，编剧用心。其剧本的水平具备了一部推理片应有的烧脑程度；第二，演员搭配有奇效。高冷鲜肉刘昊然和接地气喜剧叔王宝强的搭档制造了意想不到的既有气质又有喜感的效果，再加上神秘少女张子枫的气质表演，让这部探案片突破了一般探案片的冷调，俘获了中国观众的心；第三，“唐人街”的地理选择扩大了影片可能的文化包容度，同时也符合当下渴望往世界公民身份转变的观众的心态，并且像《泰濉芬谎具有简便的IP复制能力。因为对《唐人街探案》的前作信心，我在大年初一第一时间观看了《唐人街探案2》，可惜这部续作并没有保持前作的水准，令人大失所望。如果说《唐人街探案》是喜剧外壳，侦探内核，《唐人街探案2》正好掉了一个个儿，侦探不够，戏谑来凑。可以说，片名不应该叫《唐人街探案2》，而应该叫《横冲直撞好莱坞之唐人街探案》。首先，全片在美国街头欢脱的画风基本沿用了上一部泰式的情趣。然而，用对待第三世界国家的态度对待美国，只能说明电影人驾驭异域文化的水平只能维持在浮光掠影的“唐人街”猎奇程度，而很难深入异域文化的核心。这种了解不深就敢戏谑的态度，王朔有一句话叫做“无知者无畏”；第二，剧本坍塌了。如果说第一部成功的精髓在于剧本对于推理细节的把控，那么第二部失败的主因也在于剧本对于推理细节的失控。第一部中刘昊然（秦风）的少年神探画风建立在逻辑的基础上，这一部中秦风的画风就基本建立在装叉的基础上了。什么想象自己站在纽约高处推到各种建筑寻找作案地点之类的“最强大脑”既视感，不过是为了弥补逻辑的乏力；为了弥补主角光环的不足，不得不为秦风配备了一个满头染发的高科技少女作为助攻；第一部中神来之笔的结尾反转再反转变成了这一部中的为了反转而反转；第三，从角色和表演上看，本部的配角完全失去了第一部中的对抗力度。第一部中王宝强的闹腾还能走点心，这一部王宝强就只剩下闹腾了；上一部的王宝强除了与刘昊然相映成趣外，与陈赫、肖央三人形成的错综复杂的关系也很有看头。而这一部里，刘昊然、王宝强与肖央的组合就只剩下口头功夫了。最后，尤其不爽的是：挖坑不填。上一部中惊艳的张子枫饰演的少女杀手的坑完全被丢弃不顾，这一部终极对手变成了一个跟上一部毫无关系的老男人。对于系列探案电影来说，这几乎等于放弃了与上一部的联系。那么，你保留一个《唐人街探案》的名头，除了投机取巧，还有啥意义呢？版权所有 开屏映画（微信ID：ikaiping）电影照亮生活
AresT,2016-01-16,《唐人街探案》最后警局副局长是坤泰，而不是黄sir，有什么特别的寓意么？,不是侦探电影里的每一种设定都有寓意的啊卧槽(#19Д19)！！！去医院对峙前黄sir对坤泰说“黄金案是你的，杀人案是我的”因为破了杀人案可以当副局长啊！！！结果还没对峙完嫌疑犯跳楼被坤泰撞死捡漏了啊！！！天命泰哥啊！！！！黄金案是他的，杀人嫌犯畏罪跳楼还是他撞死的！！！我就A了下地板，人头就送上来了！！这副局长还能给谁啊！！！！这TM有啥寓意啊我摔(s°□°）s ┻━┻看电影看仔细一点，少想这些有的没的好不好！！(296256д625729)
Evenc伊文西,2016-01-03,如何看待电影《唐人街探案》与东野圭吾《白夜行》的关系？,预警，没看过电影或者小说的朋友，慎点勿入。谢邀。从整体来看，“唐人街”与“白夜行”完全是不同的气质。这种气质上的差别，就差不多是王宝强和高良健吾的差别。毕竟，比起白夜行的高冷范儿，唐人街只是一部热闹的喜剧推理电影而已。大家之所以会把唐人街与白夜行联系起来。我想，都是基于最终凶手的设置。以及隐藏在犯罪之后，那种高智的、纯粹的，甚至带有一种美感的“恶”。这是一种很难用常理去解释的人性黑暗。但真正让人不寒而栗的，是这种恶意，或许真的存在于这个世界。两部作品的凶手，都是看上去人畜无害，似乎柔弱无能，让人心无防范的美丽女人。她们的手段，也是不断地利用自己身为女性的特质，如蜘蛛般布下网络，去不断操纵身边人来完成罪恶。好吧，我又想起京极夏彦的《络新妇之理》了。白夜行由于以文字为载体，可以把罪犯形成的前因后果交待得比较清楚。唐人街因为是一个剧情上的反转，为的是出乎意料，内容上多有留白。关于犯罪动机及一些相关情节，并无正面描述，需要脑补。至于失踪男孩丹的部分，电影没交待。如果真的是丹与女孩儿合谋共同“弑父”，那么无疑就是一个“雪穗+亮司”的组合，与白夜行自然重合度就更高了。结局上，凶手都没有得到法律意义上的惩罚。不过说到真正的“极恶”，我倒是更想推荐宫部美雪的《模仿犯》。大概能够想到的，就是如此。还是表扬一下唐人街。一部犯罪电影，能够与东野大神的这部名作联系起来，本身就已经是很高的评价了。
杨超,2016-01-01,求大神解析《唐人街探案》里那张纸的含义。？,电影中一共有两次折纸的场景，呼应对应开场的一阴一阳，共生共立，寓意世间的善与恶的共生共，但电影中两处要强调的意思不同，第一次其实是小女孩故意借此想对秦风说人不能光有善，只有善人是立不起来的，得有恶才行，只有恶的一面才能让自己不受欺辱好好活下去，并且当秦风折完后小女孩说了一句原来这么简单，其实就是想让秦风明白这个道理，这次的折纸是小女孩想对秦风说人要有恶的一面，强调的是恶。而第二次也就是秦风揭穿了小女孩的完美犯罪，又没有证据能完全证明小女孩的罪行，听了小女孩一翻话后，气愤的折了一张纸放到小女孩的病床上，而这一次是秦风是想通过折纸告诉小女孩这世间只有恶就会有善来制约，这次是强调的善，也就是说世间善恶万物共生共立相互制约，开场阴阳也是思想内核所在。
毛毛雨的粉,2018-02-17,《唐人街探案2》的败笔在哪里？,如果说唐人街探案第一部最后秦风知道是小姑娘一手策划的杀人方案而没有举报是因为只不过推理没有证据 这也就罢了亦可以说对小姑娘有怜悯的感情 （不喜欢加标点） 那么唐人街第二部 我觉得最后的秦风是真的疯了 如果他的推理真的是这样我觉得他应该去认证，警察就在面前 不会因为救他一条命而心软 这并不符合他的人设 命悬一线还有脑子想到宋义的左手 我觉得是不可思议了 所以说我一旦这种结果认定 那么整部电影的初衷应该宣扬以恶惩恶这种方法 我不这么支持这种想法 近来的电影和漫画我总能发现这种影子 我国法律体系虽尚不完善 但如果仅仅因为报复而改变命运走向了黑暗的道路 我认为是不提倡的 不仅仅带来不好的影响 对青少年三观也能潜移默化的改变 觉得很炫酷 也给国家和政府带来压力。 最后 这个电影应该是一个系列 很多大神影评会加上一句话 秦风一直不在乎罪犯是谁而是他的动机 还有就是他一直想要一场完美的犯罪 我觉得这真的有点过了 你到底年少轻狂还是依附自己的高智商而没智商了？如果这部电影宣扬的这种扭曲三观 以这喜剧推理破案的类型电影我觉得要好好反思了。―― ―― ―― ―― ―― ―― ―― ――这算是我第一次回答别人的问题 这里做补充 看到热心的网友也与我分享自己或者他人的想法 我觉得都在思路上没有问题 毕竟都是大家自己的猜测 拿出来分享不是坏事 再者 我说的并不是肤浅在表面的回答 我要说的是电影本身真正的内涵 这不得不提到陈思成这个人 据说自编自导 可以说是非常让人怀疑了 （不想追究）其次 他的人品与绯闻大家有目共睹 电影的隐形彩蛋就很有意思了（别人分享的） 王宝强拿他和佟丽娅的照片评头论足 意思看他的脸就很花心 也自黑了一把 看到这我就笑而不语了.... 最后 陈思成的野心很大 对电影的宣传 我昨晚见到哪个卫视春晚 间接的宣传自己的电影 他在喜剧推理这个市场空白填补了空白 并且作为外围导演确实能快准狠的抓住观众的眼球 只是若你能深入了解他的野心 不难发现他的社会观也是扭曲的 希望他接下来的电影不要过于宣扬什么完美的犯罪 什么非正义的人 因为效仿国外的糟粕还有那么多人追捧并不是一件益事。 这是我看到的比较欣赏的客观影评 涵盖优缺点https://www.zhihu.com/question/67228304/answer/320632155 以上仅本人的自己想法
先哲,2018-02-17,关于《唐人街探案2》的一些问题,《唐人街探案2》，从主要表面呈现的方面来看，就是“连续杀人”和“模仿杀人”。模仿杀人便是借助连续杀人的那个共同点，模仿共同点引导侦探导向错误的方向，认为整个连续杀人事件只有一个凶手，为自己逃脱罪名。宋义便是将自己的罪责推到了医生的身上。其中有一些疑惑之处。第一，秦风在第一集中是因为没有证据给小女孩定罪而放弃，那么第二集为什么明知道宋义杀了人且有证据，还要让他逍遥法外?第二，Q是谁?Q不在美国，秦风说比自己厉害的只有Q，所以他认为宋义就是Q。可是宋义这么有自信的一个杀人犯，算是承认了犯罪，却没有承认自己是Q。从人物心理来说，这样一个可以冷静的杀人、精心布局带领一个高智商的秦风走入自己的陷阱、一个奋不顾身救人的，他是如此的自信，在大仇得报，根本不需要去隐藏自己的身份。我觉得唯一能说通的，宋义就不是Q，他app排名就是将近2000名。他所说的都没有撒谎。他确实是得到了Q的指示，他也许也是“被设计”的。而这样一个人甘于被设计，唯一的原因就是，(我在看时，就一直想这个显性的凶手背后还有人，医生的背后有宋义，这还一层，宋义的背后应该还有一层)，Q是宋义的妹妹。那就到第一个问题，为什么秦风像第一部一样，就将杀人凶手逍遥法外呢?宋义还不是真正的幕后凶手。但是秦风确认为宋义是Q。这是这部电影最矛盾的地方。但这个矛盾点也许用一个点可以解释。那就是宋义最后那句话，当你凝视深渊的时候……还有整部剧传达的，一生二，二生三，三生万物的观点。太极生二仪。阴阳可以相互转化，阴阳本就是一体。那么，回来看，凶手和侦探也是一体。秦风在濒临自己生死的时候，居然没有一点人性，不会恐慌和害怕，想的还是案件。这和丧心病狂的杀人魔有什么区别?神和恶魔就是一线之格。秦风跟Q是一种人。就是莫里艾迪说他跟福尔摩斯是一样的。是一个意思。而秦风可怕的地方在于，他不管法律和法规，而是只看杀人动机的人，他和工藤新一不一样，工藤新一认为“人杀人，不论是什么理由，都是无法被原谅的。”而秦风在自己不自知的潜意识里已经坠入了那个深渊。
Evenc伊文西,2016-01-03,《唐人街探案》中，既然秦风已经发现了真实凶手，为什么不再重审此案？,谢邀。建议修改问题，问题本身就是剧透。首先，秦风虽然推理出了整件事情的来龙去脉，然而并没有任何证据可以证明。只要思诺本人不承认，就无法对她进行任何法律上的制裁。片中养父就在事实确凿的情况下，矢口否认自己的罪行，如果不是那个疏漏，警察同样拿他没有办法。其次，思诺只在幕后操纵，本人并没有实施任何违法行为。他杜撰了日记，说了一条可行的杀人方法，引导秦风追查到养父，这都不算犯罪。她甚至连亲口教唆养父杀人的举动，都没有，一切沟通都只是她在日记本上的自说自话与异想天开。第三，思诺可能未成年，甚至年纪还不足以承担刑事责任，法律对她的作用有限，而死者已矣，重审自然也没有意义了。这样明知是凶手却莫可奈何的结局，在国产电影中由于审查的存在，非常少见。但国外无论文学还是影视作品都有很多，真心感谢故事发生在泰国，犯罪分子最后才没有被天网恢恢。以上。
caigugu0.0,2016-01-04,唐人街探案中 真正的幕后黑手思诺并没有死 如此腹黑又冷漠的杀手的存在 你还敢坦荡荡的走在冷夜中么？,以下皆为个人观点，欢迎讨论。先放结论。颂帕的儿子应该没死，两人只是联手除父。思诺也并不是单纯的坏女孩，用她的话来说，命运使她生下来就注定为恶，用秦风的话来说，她是善是恶，得看怎么想了。放证据1.思诺笑完之后跟秦风的善恶讨论，“有的人生下来就是善，有的人生下来就是恶，那你呢。”充满浓郁的悲观情绪的宿命论，是这个幼年失去双亲，养父又是鬼父的女孩儿对于善恶的解读。我对这句话的理解是: 我们每个人并不能自己去选择自己是一个好人还是一个坏人，我们所做的事情是好是坏都取决于我们的经历与遭遇。就好像水浒里一个个被逼上梁山，落草为寇的好汉一样。因而思诺做这些事情并非是因为自己想要成为一个坏人，而是生活逼迫着他们进行了这样的选择。没有人生而为变态，思诺的完美犯罪并非是汉尼拔的享乐，而是林冲雪夜上梁山的无奈。2.照片中，思诺跟颂帕的儿子(好像叫丹？下面就简称丹了)亲密无间，俨然一对小情侣的架势，一个本来就缺少别人关爱的小女孩，会有什么动机去杀掉这样一个朋友？又有什么能力去做到让这么一个大活人在大家眼皮底下失踪呢？所以思诺并没有杀丹的动机跟能力，丹还活着活的好好的。现在两个坑豁然出现在了我们的面前:1.丹到底因何失踪2.如果思诺真的不是丧心病狂的犯罪者，为什么要杀掉寻子的颂帕？开始放脑洞1.颂帕的父亲是一个同性恋，全片自始至终没有提到过颂帕的母亲。颂帕一直与儿子生活在一起。颂帕的儿子可能是颂帕骗婚生的，但我觉得更可能跟思诺的父亲一样是领养的孩子。同性恋，独居，罪犯，领养男孩。另一个鬼父的形象跃然纸上。2.同样是孤儿，同样被领养，同样遇到了鬼父的丹跟思诺又碰巧成为了同学。渐渐熟时后，悲惨的命运让他们既同情对方，又心疼自己，同病相怜的感觉让他们成为了无话不说的好朋友，甚至是恋人。3.经历过太多 比同龄人成熟太多的思诺与丹不甘心就这样屈从命运，他们合伙完成了一次完美犯罪，丹负责失踪，让自己的父亲上钩，思诺负责完成之后的一系列扮演，借养父之手杀掉颂帕。而失踪了的丹，就会像是人间蒸发的鬼魂，悄然无声的带走思诺养父的性命。4.为了消除外界的怀疑，丹也许再也不能凭借真实身份出现在大家的眼前，他成为了夜行者，默默守护着白日下的思诺。陈导明显熟读各类侦探小说，且不说王宝强跟刘昊然在推理的时候对于各个侦探小说，如数家珍，整个结尾也是在向东野圭吾的白夜行致敬。哦，对了，影片开始，秦风书架的特写中，左数第一本书就是白夜行。
杨雅彤,2016-01-26,唐人街探案为什么最后是坤泰当了副局长呢？,局长之前说谁破黄金案，让谁当副局长。黄兰登不是把黄金案送给坤泰了吗？然后坤泰又偶然撞死了凶杀案的犯人。再加上传说中的局长夫人。
哟哟哟,2018-02-17,唐人街探案2，结尾瞎猜,唐人街探案2，结尾在医院门口的时候，秦风回忆他和宋义谈话时，脸上恰好一半有光，一半黑暗，正义与邪恶。结合宋义和秦风关于深渊对话（当你在凝望深渊的时候，深渊也在凝望你，看可以，但别看太久），可能是宋义一直望着妹妹事件的这个深渊，采用非正常手段复仇，于是自己变成了这个杀人案件的深渊。他警告聪明的秦风，不要看太久。下一部可能遇见无法正常法律手段解决的时候，秦风就黑化了。哈哈哈哈哈哈哈哈哈哈。
Linton,2018-02-17,唐人街探案2插曲？,Taylor Swift 的Welcome to New York！！！我觉得是全篇最大的彩蛋！！！
超级大帅比,2018-02-16,怎样评价唐人街探案2？,"道生一 一生二 二生三 三生万物神 科学 都无法成为他信仰 道就成为了他的守则真正的凶手 或者说洞悉一切的人 却又是另一个\n和唐人街探案1一样 2也用一句意味深长的话作为点睛之笔 ""当你凝望深渊时 深渊也在凝望你""什么是那个深渊呢 或许是善恶人性 或许是仁心兽心个人挺喜欢这部电影 该搞笑的地方让人捧腹 该严肃该正经破案的时候引人入胜 王宝强被美国大汉送玫瑰花 刘昊然被当成是清秀小妞都是让人很意外的梗 笑点不尬 腾讯视频和神州租车广告插入让我有点想笑？顺便一提刘昊然真的好帅 个人意见 不喜就不喜"
唐喵咪,2018-02-17,唐人街探案2中的细节？,被吓的，年轻人嘛，凶手转身本来就很吓人，再加环境，心里，我在电影院里看都被吓到了，他还亲身经历。。。。。
